[
  {
    "id": "a694de05-480a-4ee4-a850-cee167806070",
    "data": [
      {
        "text": "kbih",
        "meta": "@kbih",
        "alias": "kbih",
        "userDefined": false
      }
    ],
    "isTemplate": false,
    "count": 0,
    "lang": "id",
    "updated": 0
  },
  {
    "id": "bf8886fd-7846-4f23-ba76-7ece96fcd90e",
    "data": [
      {
        "text": "btn_lainnya_",
        "userDefined": false
      },
      {
        "text": "kbih",
        "meta": "@kbih",
        "alias": "kbih",
        "userDefined": false
      }
    ],
    "isTemplate": false,
    "count": 0,
    "lang": "id",
    "updated": 0
  },
  {
    "id": "f89090f8-3b86-413d-8b48-410d8ad421fb",
    "data": [
      {
        "text": "belajar",
        "userDefined": true
      },
      {
        "text": " tentang ",
        "userDefined": false
      },
      {
        "text": "haji",
        "userDefined": false
      }
    ],
    "isTemplate": false,
    "count": 0,
    "lang": "id",
    "updated": 0
  },
  {
    "id": "02a51471-945c-4e6d-a4f4-b53c02ff6a94",
    "data": [
      {
        "text": "belajar ",
        "userDefined": false
      },
      {
        "text": "haji",
        "userDefined": false
      }
    ],
    "isTemplate": false,
    "count": 0,
    "lang": "id",
    "updated": 0
  },
  {
    "id": "b2eddc29-e86b-4237-9ce0-9abb9c9f2bc6",
    "data": [
      {
        "text": "Kelompok Bimbingan",
        "userDefined": false
      }
    ],
    "isTemplate": false,
    "count": 0,
    "lang": "id",
    "updated": 0
  },
  {
    "id": "754d0d77-fec5-4c9e-ae8a-61b4b6171aca",
    "data": [
      {
        "text": "Bimbingan Ibadah ",
        "userDefined": false
      },
      {
        "text": "Haji",
        "userDefined": false
      }
    ],
    "isTemplate": false,
    "count": 0,
    "lang": "id",
    "updated": 0
  },
  {
    "id": "25348f61-52c1-4201-9850-9ffaae5aa6af",
    "data": [
      {
        "text": "daftar",
        "userDefined": false
      },
      {
        "text": " ",
        "userDefined": false
      },
      {
        "text": "kbih",
        "meta": "@kbih",
        "alias": "kbih",
        "userDefined": true
      }
    ],
    "isTemplate": false,
    "count": 0,
    "lang": "id",
    "updated": 0
  }
]