[
  {
    "id": "3421dc67-3051-4b28-9559-56fed91e0f5b",
    "data": [
      {
        "text": "doa diantara rukun ",
        "userDefined": false
      },
      {
        "text": "yamani",
        "userDefined": false
      },
      {
        "text": " dan ",
        "userDefined": false
      },
      {
        "text": "hajar",
        "userDefined": false
      },
      {
        "text": " ",
        "userDefined": false
      },
      {
        "text": "aswad",
        "userDefined": false
      }
    ],
    "isTemplate": false,
    "count": 0,
    "lang": "id",
    "updated": 0
  },
  {
    "id": "00dbbb18-07a8-4f2f-9ff6-c9a5b1b2b3d3",
    "data": [
      {
        "text": "d16",
        "userDefined": false
      }
    ],
    "isTemplate": false,
    "count": 0,
    "lang": "id",
    "updated": 0
  }
]