[
  {
    "id": "f7aac6d6-18be-41f8-ac29-bfea7944f990",
    "data": [
      {
        "text": "doa ",
        "userDefined": false
      },
      {
        "text": "thowaf",
        "userDefined": false
      },
      {
        "text": " putaran ",
        "userDefined": false
      },
      {
        "text": "pertama",
        "userDefined": false
      }
    ],
    "isTemplate": false,
    "count": 0,
    "lang": "id",
    "updated": 0
  },
  {
    "id": "3edc490a-4ccd-4b46-b807-d121cb24f26c",
    "data": [
      {
        "text": "d17",
        "userDefined": false
      }
    ],
    "isTemplate": false,
    "count": 0,
    "lang": "id",
    "updated": 0
  }
]