[
  {
    "id": "4ddc41f8-e59b-410d-acee-f11363bff484",
    "data": [
      {
        "text": "doa ",
        "userDefined": false
      },
      {
        "text": "thowaf",
        "userDefined": false
      },
      {
        "text": " putaran ",
        "userDefined": false
      },
      {
        "text": "keenam",
        "userDefined": false
      }
    ],
    "isTemplate": false,
    "count": 0,
    "lang": "id",
    "updated": 0
  },
  {
    "id": "6e54dd5f-20ce-4ec1-8ac5-4bafa69a67ad",
    "data": [
      {
        "text": "d22",
        "userDefined": false
      }
    ],
    "isTemplate": false,
    "count": 0,
    "lang": "id",
    "updated": 0
  }
]