[
  {
    "id": "84d08e5f-6314-49e8-a292-c6bd33daeda4",
    "data": [
      {
        "text": "doa ",
        "userDefined": false
      },
      {
        "text": "thowaf",
        "userDefined": false
      },
      {
        "text": " putaran ",
        "userDefined": false
      },
      {
        "text": "ketujuh",
        "userDefined": false
      }
    ],
    "isTemplate": false,
    "count": 0,
    "lang": "id",
    "updated": 0
  },
  {
    "id": "d39f8986-301a-432f-ad31-f44d979832aa",
    "data": [
      {
        "text": "d23",
        "userDefined": false
      }
    ],
    "isTemplate": false,
    "count": 0,
    "lang": "id",
    "updated": 0
  }
]