[
  {
    "id": "e1a56fe8-8b11-4119-9e4a-cab463e47aba",
    "data": [
      {
        "text": "apa yang terjadi jika nomor porsi hilang?",
        "userDefined": false
      }
    ],
    "isTemplate": false,
    "count": 0,
    "lang": "id",
    "updated": 0
  },
  {
    "id": "a91d3298-966a-4932-86a9-d774a1707420",
    "data": [
      {
        "text": "Bagaimana jika nomor porsi haji hilang?",
        "userDefined": false
      }
    ],
    "isTemplate": false,
    "count": 0,
    "lang": "id",
    "updated": 0
  },
  {
    "id": "7e74643a-f762-47a8-97d6-02c1da30d539",
    "data": [
      {
        "text": "Dimana saya bisa menemukan nomor porsi ",
        "userDefined": false
      },
      {
        "text": "haji",
        "meta": "@sys.last-name",
        "alias": "last-Porsi",
        "userDefined": false
      },
      {
        "text": "?",
        "userDefined": false
      }
    ],
    "isTemplate": false,
    "count": 0,
    "lang": "id",
    "updated": 0
  },
  {
    "id": "632f456a-9da3-48d5-af67-e731da79e56e",
    "data": [
      {
        "text": "lupa ",
        "userDefined": false
      },
      {
        "text": "nomor",
        "userDefined": true
      },
      {
        "text": " porsi",
        "userDefined": false
      }
    ],
    "isTemplate": false,
    "count": 0,
    "lang": "id",
    "updated": 0
  },
  {
    "id": "433227b0-7dc5-4645-b1ff-f06a68bcff14",
    "data": [
      {
        "text": "tidak tahu nomor porsi",
        "userDefined": false
      }
    ],
    "isTemplate": false,
    "count": 0,
    "lang": "id",
    "updated": 0
  },
  {
    "id": "3741cec3-d71a-4aeb-acf6-e7153bd05210",
    "data": [
      {
        "text": "Kenapa Nomor Porsi ",
        "userDefined": false
      },
      {
        "text": "Haji",
        "meta": "@sys.last-name",
        "alias": "last-Porsi",
        "userDefined": false
      },
      {
        "text": " Tidak ",
        "userDefined": false
      },
      {
        "text": "Ditemukan",
        "userDefined": true
      },
      {
        "text": "?",
        "userDefined": false
      }
    ],
    "isTemplate": false,
    "count": 0,
    "lang": "id",
    "updated": 0
  },
  {
    "id": "af5b6a90-10ab-4593-8ac8-3ccf9e88e08a",
    "data": [
      {
        "text": "nomor ",
        "userDefined": false
      },
      {
        "text": "porsi",
        "userDefined": true
      },
      {
        "text": " ",
        "userDefined": false
      },
      {
        "text": "haji",
        "meta": "@sys.last-name",
        "alias": "last-Porsi",
        "userDefined": false
      }
    ],
    "isTemplate": false,
    "count": 1,
    "lang": "id",
    "updated": 0
  }
]